<?xml version='1.0' encoding='utf-8'?>
<Mcr type="E" year="2022" periodType="MCRQ1" formVersion="v5">
	<Rmla stateCode="AZ">
	  <SectionISection>
		<ac10_1>100</ac10_1>
		<ac10_2>5</ac10_2>
		<ac20_1>200</ac20_1>
		<ac20_2>300</ac20_2>
		<ac30_1>10</ac30_1>
		<ac30_2>90</ac30_2>
	  </SectionISection>
	</Rmla>
	<Rmla stateCode="CA">
	  <SectionISection>
		<ac10_1>100</ac10_1>
		<ac10_2>5</ac10_2>
		<ac20_1>200</ac20_1>
		<ac20_2>3</ac20_2>
	  </SectionISection>
	</Rmla>

</Mcr>


